nearest station,緯度,経度,住所
お台場海浜公園,35.631084,139.777353491695,"お台場海浜公園, 港区, 東京都, 日本"
お花茶屋,35.7475893,139.8401447,"お花茶屋, 堀切橋金町浄水場線, 宝町二丁目, 葛飾区, 東京都, 124-0005, 日本"
こどもの国(神奈川),35.573145,139.4839822,"神奈川県道139号真光寺長津田線(こどもの国通り), 岡上3丁目, 岡上, 麻生区, 町田市, 川崎市, 神奈川県, 215-0027, 日本"
すずかけ台,35.5169105,139.4814366,"すずかけ台, マロニエ通り, 南つくし野三丁目, 町田市, 東京都, 194-0003, 日本"
つくし野,35.5276368,139.4851103,"つくし野, 新小川橋, つくし野一丁目, 町田市, 東京都, 194-0001, 日本"
つつじケ丘,35.6580672,139.5752432,"つつじヶ丘, 商店街中央通り, 西つつじケ丘三丁目, 調布市, 東京都, 182-0006, 日本"
とうきょうスカイツリー,35.710457,139.8091543,"とうきょうスカイツリー, 1F, 押上一丁目, 墨田区, 東京都, 131-0045, 日本"
ときわ台(東京),35.7589509,139.6885556,"ときわ台, ときわ通り, 常盤台三丁目, 板橋区, 東京都, 174-0071, 日本"
ひばりケ丘(東京),35.7515231,139.5455333,"ひばりヶ丘, 谷戸新道, ひばりヶ丘, 西東京市, 東京都, 188-0001, 日本"
めじろ台,35.6434031,139.30772,"めじろ台, めじろ橋, めじろ台三丁目, 八王子市, 東京都, 193-0833, 日本"
一之江,35.6859919,139.8831224,"一之江, 環七通り, 一之江八丁目, 江戸川区, 東京都, 132-0024, 日本"
一橋学園,35.7217787,139.4801232,"一橋学園, 警察学校北通り, 学園東町二丁目, 小平市, 東京都, 187-0043, 日本"
万願寺,35.6712772,139.4200659,"万願寺, 多摩モノレール通り, 万願寺二丁目, 日野市, 東京都, 191-0021, 日本"
三ノ輪,35.7295502,139.7913004,"三ノ輪, 昭和通り, 三ノ輪二丁目, 台東区, 東京都, 110-0011, 日本"
三ノ輪橋,35.732138,139.7916028,"三ノ輪橋, ジョイフル三ノ輪商店街, 南千住一丁目, 南千住, 荒川区, 東京都, 110-0011, 日本"
三河島,35.7332922,139.7777743,"三河島, 三河島駅, 荒川三丁目, 荒川区, 東京都, 116-0014, 日本"
三田(東京),35.6344,139.7335,"三田, 第一京浜, 芝五丁目, 麻布, 港区, 東京都, 108-0014, 日本"
三越前,35.6870979,139.7736657,"三越前, 中央通り, 日本橋室町二丁目, 日本橋室町, 中央区, 東京都, 103-0022, 日本"
三軒茶屋,35.6427208,139.6699123,"三軒茶屋, 世田谷区, 東京都, 154-0024, 日本"
三鷹,35.7027148,139.560901,"三鷹, 中央通り, 下連雀3, 三鷹市, 東京都, 180-0006, 日本"
三鷹台,35.6921874,139.5891229,"三鷹台, 三鷹台駅前通り, 井の頭一丁目, 三鷹市, 東京都, 181-0001, 日本"
上中里,35.746579,139.7469796,"上中里, 車坂跨線橋, 上中里一丁目, 北区, 東京都, 114-0016, 日本"
上井草,35.7252616,139.6030669,"上井草, 千川通り, 井草五丁目, 杉並区, 東京都, 167-0023, 日本"
上北台,35.745833,139.4158409,"上北台, 上北台駅(改札口), 立野二丁目, 東大和市, 東京都, 207-0033, 日本"
上北沢,35.6689118,139.6233168,"上北沢, 甲州街道, 下高井戸五丁目, 世田谷区, 東京都, 156-0057, 日本"
上板橋,35.7634816,139.676481,"上板橋, ときわ通り, 上板橋三丁目, 板橋区, 東京都, 174-0071, 日本"
上町,35.6433996,139.6465537,"上町, 世田谷町田線, 世田谷二丁目, 世田谷区, 東京都, 154-0017, 日本"
上石神井,35.7281,139.5918,"神戸市立上筒井小学校, 原田線, 坂口通二丁目, 中央区, 神戸市, 兵庫県, 651-0056, 日本"
上野,35.7118534,139.7775675,"上野, 首都高速1号上野線, 東上野三丁目, 東上野, 台東区, 東京都, 110-8615, 日本"
上野御徒町,35.7079766,139.7732996,"上野御徒町, 上野四丁目, 台東区, 東京都, 110-0005, 日本"
上野毛,35.6119862,139.638886,"上野毛, 上野毛通り, 上野毛一丁目, 世田谷区, 東京都, 158-0093, 日本"
下丸子,35.5714014,139.685601,"下丸子, 多摩堤通り, 千鳥三丁目, 大田区, 東京都, 146-0092, 日本"
下井草,35.7238306,139.6253354,"下井草, 旧早稲田通り, 下井草, 杉並区, 東京都, 167-0022, 日本"
下北沢,35.6616779,139.6663345,"下北沢, 北沢二丁目, 世田谷区, 東京都, 155-9931, 日本"
下板橋,35.7452488,139.7154787,"下板橋, 下板橋通り, 板橋一丁目, 板橋, 板橋区, 東京都, 170-0011, 日本"
下神明,35.608735100000004,139.72635912431588,"下神明, 鮫洲大山線（旧道）, 二葉一丁目, 品川区, 東京都, 140-8715, 日本"
下落合,35.7157663,139.6954383,"下落合, 上落中通り, 上落合一丁目, 新宿区, 東京都, 161-0032, 日本"
下赤塚,35.7706013,139.644556,"下赤塚, 川越街道, 赤塚新町, 板橋区, 東京都, 175-0093, 日本"
下高井戸,35.6675053,139.6423628,"瀬田貫井線, 下高井戸二丁目, 杉並区, 東京都, 156-0043, 日本"
不動前,35.6253263,139.7130581,"不動前, かむろ坂通り, 小山台一丁目, 品川区, 東京都, 142-0061, 日本"
世田谷,35.6435385,139.6509635,"世田谷, 区役所西通り, 世田谷三丁目, 世田谷区, 東京都, 154-8504, 日本"
世田谷代田,35.6582416,139.6612148,"世田谷代田, 世田谷代田駅南口通路, 代田, 世田谷区, 東京都, 155-0033, 日本"
両国,35.6968465,139.7973726,"両国, 清澄通り, 亀沢一丁目, 墨田区, 東京都, 130-0025, 日本"
中井,35.714067,139.6863482,"中井, 首都高速中央環状線, 上落合三丁目, 新宿区, 東京都, 161-0034, 日本"
中央大学・明星大学,35.641901,139.4087841,"中央大学・明星大学, 多摩モノレール通り, 東中野, 八王子市, 東京都, 191-8506, 日本"
中延,35.6058466,139.7127901,"中延, 中延スキップロード, 東中延二丁目, 品川区, 東京都, 142-0052, 日本"
中村橋,35.7368176,139.6378105,"中村橋, 中杉通り, 中村北三丁目, 練馬区, 東京都, 176-0023, 日本"
中板橋,35.7564046,139.694134,"中板橋, 向屋敷橋, 中板橋, 板橋区, 東京都, 173-0016, 日本"
中河原,35.6596099,139.4579544,"中河原, 鎌倉街道, 住吉町二丁目, 府中市, 東京都, 183-0034, 日本"
中目黒,35.6442023,139.6987133,"中目黒, 上目黒一丁目, 目黒区, 東京都, 153-8622, 日本"
中神,35.7090262,139.3757902,"中神, 中神停車場線, 朝日町一丁目, 昭島市, 東京都, 196-0022, 日本"
中野(東京),35.7058302,139.665633,"中野, 4.東西線, 中野三丁目, 中野区, 東京都, 164-0001, 日本"
中野坂上,35.6970812,139.6827863,"中野坂上, 青梅街道, 中央二丁目, 中野区, 東京都, 164-8622, 日本"
中野富士見町,35.6905746,139.6669966,"中野富士見町, 富士見橋, 和田一丁目, 中野区, 東京都, 164-0013, 日本"
中野新橋,35.6924918,139.6743514,"中野新橋 (Nakano-shinbashi), 新橋通り, 弥生町二丁目, 中野区, 東京都, 164-0012, 日本"
乃木坂,35.6666518,139.7263839,"乃木坂, 六本木七丁目, 六本木, 麻布, 港区, 東京都, 106-0033, 日本"
久が原,35.5796029,139.6856737,"久が原, ゆうやけ通り, 南久が原二丁目, 大田区, 東京都, 146-0084, 日本"
久我山,35.6880152,139.5996371,"久我山, 都橋, 久我山三丁目, 杉並区, 東京都, 166-0000, 日本"
久米川,35.7496668,139.4725702,"久米川, 東村山清瀬線, 栄町二丁目, 東村山市, 東京都, 189-0013, 日本"
九品仏,35.605449,139.6612209,"九品仏, 等々力通り, 奥沢七丁目, 世田谷区, 東京都, 158-0086, 日本"
九段下,35.6959198,139.7512318,"九段下, 目白通り, 西神田三丁目, 九段北一丁目, 千代田区, 東京都, 102-8660, 日本"
亀戸,35.6974003,139.8266982,"亀戸, 京葉道路, 亀戸六丁目, 江東区, 東京都, 136-0071, 日本"
亀戸水神,35.7000853,139.8335333,"亀戸水神, 丸八通り, 亀戸八丁目, 江東区, 東京都, 136-0071, 日本"
亀有,35.7666652,139.8478007,"亀有, 中通り商店街, 亀有五丁目, 葛飾区, 東京都, 125-0061, 日本"
二俣尾,35.8042988,139.2159535,"二俣尾, 青梅街道, 二俣尾三丁目, 青梅市, 東京都, 198-0171, 日本"
二子玉川,35.6117897,139.6268002,"二子玉川, 多摩堤通り, 玉川一丁目, 世田谷区, 東京都, 158-0094, 日本"
五反田,35.6263693,139.7234522,"五反田, 桜田通り, 西五反田二丁目, 品川区, 東京都, 141-0022, 日本"
五反野,35.7659593,139.8094973,"五反野, 江北橋通り, 足立三丁目, 足立, 足立区, 東京都, 120-0014, 日本"
井の頭公園,35.6975016,139.5827278,"井の頭公園, 井の頭公園駅前通り, 井の頭三丁目, 三鷹市, 東京都, 181-0001, 日本"
井荻,35.724688,139.6151731,"井荻, 環八通り, 井草三丁目, 杉並区, 東京都, 167-0021, 日本"
京急蒲田,35.5612134,139.7240732121761,"京急蒲田, 多摩堤通り, 蒲田五丁目, 蒲田, 大田区, 東京都, 144-0052, 日本"
京成小岩,35.742329350000006,139.88346753980358,"京成小岩駅, 柴又街道, 鎌倉四丁目, 江戸川区, 東京都, 125-0053, 日本"
京成曳舟,35.7181883,139.8197495,"京成曳舟, 曳舟川通り, 押上二丁目, 墨田区, 東京都, 131-8522, 日本"
京成立石,35.7382,139.8481,"香取市立竟成小学校, 馬洗橋, 長山, 香取市, 千葉県, 287-0026, 日本"
京成金町,35.76875715,139.87011543213254,"京成金町 プチ・クレイシュ, 水戸街道, 金町六丁目, 葛飾区, 東京都, 125-0042, 日本"
京成関屋,35.7439951,139.8117763,"京成関屋, 墨堤通り, 千住曙町, 足立区, 東京都, 120-0023, 日本"
京成高砂,35.7509396,139.8671221,"京成高砂, 王子金町市川線, 柴又一丁目, 葛飾区, 東京都, 125-0054, 日本"
京橋(東京),35.6771981,139.77149681352847,"京橋, 中央区, 東京都, 日本"
京王よみうりランド,35.6329413,139.5170653,"京王よみうりランド, よみうりV通り, 矢野口, 稲城市, 東京都, 206-0812, 日本"
京王八王子,35.6579228,139.3430194,"京王八王子, 東放射線アイロード, 明神町三丁目, 八王子市, 東京都, 192-0046, 日本"
京王堀之内,35.6244777,139.4003398,"京王堀之内, 155, 堀之内三丁目, 八王子市, 東京都, 192-0355, 日本"
京王多摩センター,35.6253226,139.424397,"京王多摩センター, 長久保橋, 落合一丁目, 多摩市, 東京都, 206-8543, 日本"
京王多摩川,35.6447764,139.5369116,"京王多摩川, 多摩川第二緑道, 多摩川六丁目, 調布市, 東京都, 182-0025, 日本"
京王永山,35.6302581,139.4483564,"京王永山, 東京都道18号府中町田線, 諏訪一丁目, 多摩市, 東京都, 206-0026, 日本"
京王片倉,35.6443504,139.3370743,"京王片倉, 東京環状, 子安町三丁目, 八王子市, 東京都, 192-0914, 日本"
人形町,35.6862799,139.7821879,"人形町, 人形町通り, 日本橋人形町三一丁目, 日本橋人形町, 日本橋堀留町, 中央区, 東京都, 103-0012, 日本"
仙川,35.6623454,139.5850157,"仙川, 仙川駅(改札口), 仙川町一丁目, 調布市, 東京都, 182-0002, 日本"
代々木,35.6839514,139.7020806,"代々木, 代々木駅(北口), 代々木一丁目, 渋谷区, 東京都, 151-8583, 日本"
代々木上原,35.6690291,139.6797776,"代々木上原, 井ノ頭通り, 上原, 渋谷区, 東京都, 151-0064, 日本"
代々木八幡,35.6696211,139.6888398,"代々木八幡, 富ヶ谷1丁目通り, 富ヶ谷一丁目, 渋谷区, 東京都, 151-0063, 日本"
代々木公園,35.67063515,139.69564873678183,"代々木公園, 代々木淀橋線, 富ヶ谷一丁目, 渋谷区, 東京都, 151-0063, 日本"
代官山,35.6481373,139.7032756,"代官山, 猿楽町, 渋谷区, 東京都, 150-0033, 日本"
代田橋,35.6709596,139.6587527,"代田橋, 代田橋1号踏切, 大原二丁目, 世田谷区, 東京都, 156-0041, 日本"
仲御徒町,35.7065607,139.7762457,"仲御徒町, 首都高速1号上野線, 岩本町三丁目, 台東四丁目, 日本橋本町, 台東区, 東京都, 101-0025, 日本"
住吉(東京),35.6889959,139.8156854,"住吉, 四ツ目通り, 住吉二丁目, 江東区, 東京都, 135-0002, 日本"
保谷,35.7483659,139.5677939,"保谷, 保谷街道, 東町三丁目, 西東京市, 東京都, 202-0012, 日本"
信濃町,35.6799,139.7206,"信濃町, 上水内郡, 長野県, 中部地方, 389-1303, 日本"
光が丘,35.7585523,139.6293801,"光が丘, 南田中町旭町線（支線2）（補助第230号線）, 光が丘, 練馬区, 東京都, 179-8799, 日本"
入谷(東京),35.720709,139.7845821,"入谷, 昭和通り, 入谷一丁目, 入谷, 台東区, 東京都, 110-0012, 日本"
八丁堀(東京),35.6746238,139.7776565,"八丁堀, 鍛冶橋通り, 八丁堀三丁目, 八丁堀, 中央区, 東京都, 104-0032, 日本"
八坂(東京),35.7449,139.4677,"八坂, 多摩湖自転車道, 栄町三丁目, 東村山市, 東京都, 189-0024, 日本"
八幡山,35.6698828,139.6157094,"八幡山, 赤堤通り, 上北沢五丁目, 世田谷区, 東京都, 168-0074, 日本"
八広,35.7272111,139.8282076,"八広, 新荒川堤防線, 八広六丁目, 墨田区, 東京都, 131-0041, 日本"
八潮,35.8077164,139.8449244,"八潮, 松戸草加線, 大瀬二丁目, 八潮市, 埼玉県, 340-0822, 日本"
八王子,35.655389,139.3394669,"八王子, 八王子市, 東京都, 192-0083, 日本"
八王子みなみ野,35.6312559,139.3309341,"八王子みなみ野, 兵衛みなみ野橋, 兵衛一丁目, 西片倉, 八王子市, 東京都, 192-0916, 日本"
六本木,35.6624568,139.7334981,"六本木, 麻布, 港区, 東京都, 日本"
六本木一丁目,35.6649736,139.7388828,"六本木一丁目, 首都高速都心環状線, 六本木二丁目, 六本木, 麻布, 港区, 東京都, 107-6090, 日本"
六町,35.7848565,139.8218681,"六町, 平方東京線, 六町四丁目, 六町, 足立区, 東京都, 121-0073, 日本"
六郷土手,35.5406676,139.7076543,"六郷土手, 大師橋瓦斯橋線, 仲六郷四丁目, 仲六郷, 大田区, 東京都, 144-0055, 日本"
内幸町,35.67101905,139.75807030533184,"内幸町, 千代田区, 東京都, 100-0011, 日本"
分倍河原,35.6685976,139.4685573,"分倍河原, 分倍河原商店街, 片町二丁目, 府中市, 東京都, 183-0021, 日本"
初台,35.681446,139.686861,"初台, 甲州街道, 西新宿三丁目, 渋谷区, 東京都, 163-1423, 日本"
勝どき,35.6590102,139.7771121,"勝どき, 清澄通り, 勝どき一丁目, 勝どき, 中央区, 東京都, 104-0054, 日本"
北八王子,35.6693571,139.3634112,"北八王子, 多摩大橋通り, 大和田町二丁目, 八王子市, 東京都, 192-0045, 日本"
北千住,35.7495017,139.8054115,"北千住, Skytree Floor, 千住旭町, 足立区, 東京都, 120-0026, 日本"
北千束,35.6064427,139.692997,"北千束, 環七通り, 北千束二丁目, 大田区, 東京都, 152-0012, 日本"
北参道,35.6784821,139.7054958,"北参道, 明治通り, 千駄ヶ谷四丁目, 渋谷区, 東京都, 151-8586, 日本"
北品川,35.6220705,139.7392733,"北品川, 第一京浜, 北品川一丁目, 品川区, 東京都, 140-0001, 日本"
北府中,35.6807532,139.4716883,"北府中, 府中街道, 晴見町二丁目, 府中市, 東京都, 183-8523, 日本"
北池袋,35.7409711,139.7168664,"北池袋, 川越街道, 池袋一丁目, 熊野町, 豊島区, 東京都, 173-0025, 日本"
北綾瀬,35.7768999,139.832145,"北綾瀬, 環七通り, 谷中二丁目, 谷中, 足立区, 東京都, 120-0006, 日本"
北赤羽,35.7867347,139.7059812,"北赤羽, 浮間橋, 赤羽北二丁目, 北区, 東京都, 115-0052, 日本"
北野(東京),35.6446036,139.3540839,"北野, 国道16号, 打越町, 八王子市, 東京都, 192-0911, 日本"
十条(東京),35.7600083,139.7223074,"十条, 本郷赤羽線, 上十条三丁目, 北区, 東京都, 114-0034, 日本"
千住大橋,35.7424,139.797,"前橋大間々桐生線, 前橋市, 群馬県, 371-0023, 日本"
千川,35.7382989,139.6895157,"千川, 池袋谷原線, 要町三丁目, 豊島区, 東京都, 173-0036, 日本"
千歳烏山,35.6680037,139.6008523,"千歳烏山, 千歳烏山駅前広場, 南烏山, 世田谷区, 東京都, 157-0062, 日本"
千歳船橋,35.647409,139.6238778,"千歳船橋, 城山通り, 経堂五丁目, 世田谷区, 東京都, 155-0055, 日本"
千石,35.7277122,139.7449946,"千石, 白山通り, 千石四丁目, 文京区, 東京都, 170-0002, 日本"
千駄ケ谷,35.6812658,139.7113311,"千駄ケ谷, 首都高速4号新宿線, 千駄ヶ谷四丁目, 渋谷区, 東京都, 160-0015, 日本"
千駄木,35.725543,139.7632914,"千駄木, 不忍通り, 千駄木三丁目, 文京区, 東京都, 113-0022, 日本"
千鳥町,35.5729264,139.6915953,"千鳥町, 池上通り, 千鳥三丁目, 大田区, 東京都, 146-0083, 日本"
半蔵門,35.685237,139.741536,"半蔵門, 永井坂, 麹町二丁目, 麹町, 千代田区, 東京都, 102-0083, 日本"
南千住,35.7323462,139.7987524,"南千住, 山谷通り, 南千住二丁目, 南千住, 荒川区, 東京都, 116-0003, 日本"
南多摩,35.6493158,139.4898923,"南多摩, 階段・エスカレーター, 向陽台六丁目, 稲城市, 東京都, 206-0801, 日本"
南大沢,35.6141445,139.3799374,"南大沢, 多摩ニュータウン通り, 南大沢一丁目, 八王子市, 東京都, 192-0364, 日本"
南平,35.6549697,139.3923466,"南平, 北野街道, 南平七丁目, 日野市, 東京都, 191-0041, 日本"
南新宿,35.683724,139.6988775,"南新宿, 代々木淀橋線, 代々木一丁目, 渋谷区, 東京都, 151-8586, 日本"
南町田グランベリーパーク,35.5114988,139.4705139,"南町田グランベリーパーク, 南町田地下道, 南町田五丁目, 町田市, 東京都, 194-0004, 日本"
南砂町,35.6683869,139.8318701,"南砂町, 丸八通り, 南砂三丁目, 江東区, 東京都, 136-0076, 日本"
南阿佐ケ谷,35.6993987,139.6357088,"南阿佐ケ谷, 青梅街道, 成田東四丁目, 高円寺, 杉並区, 東京都, 166-8570, 日本"
原宿,35.6687049,139.7053357,"原宿, 神宮前一丁目, 渋谷区, 東京都, 150-0001, 日本"
参宮橋,35.6787444,139.6936705,"参宮橋, 代々木淀橋線, 代々木五丁目, 渋谷区, 東京都, 151-0053, 日本"
古淵,35.5559505,139.4193144,"古淵, 古淵なつつばき通り, 古淵二丁目, 南区, 相模原市, 神奈川県, 252-0344, 日本"
古里(東京),35.8162013,139.152088,"古里, 鳩ノ巣・奥多摩方面, 小丹波, 奥多摩町, 西多摩郡, 東京都, 198-0105, 日本"
吉祥寺,35.7022137,139.5803599,"吉祥寺, 吉祥寺大通り, 吉祥寺南町一丁目, 武蔵野市, 東京都, 180-8552, 日本"
和光市,35.7817053,139.6058692,"和光市, 埼玉県, 日本"
和泉多摩川,35.6275123,139.5737269,"和泉多摩川, ふれあい側道 (Fureai-sokudo), 東和泉三丁目, 狛江市, 東京都, 201-0013, 日本"
品川,35.6286974,139.7391291,"品川, レインボーロード, 港南二丁目, 品川, 港区, 東京都, 108-8282, 日本"
品川シーサイド,35.6097199,139.7498775,"品川シーサイド, 首都高速1号羽田線, 八潮五丁目, 東品川二丁目, 品川区, 東京都, 140-0002, 日本"
唐木田,35.6158467,139.4111316,"唐木田, 唐木田通り, 鶴牧六丁目, 多摩市, 東京都, 206-0035, 日本"
喜多見,35.6366224,139.5871981,"喜多見, ふれあい側道, 喜多見八丁目, 世田谷区, 東京都, 201-0004, 日本"
四ツ木,35.7317266,139.8348682,"四ツ木, 首都高速中央環状線, 東四つ木一丁目, 葛飾区, 東京都, 124-0014, 日本"
四ツ谷,35.6858,139.7295,"四ツ谷, 座間市, 神奈川県, 252-0025, 日本"
四谷三丁目,35.6880109,139.7205725,"四谷三丁目, 新宿通り, 四谷二丁目, 新宿区, 東京都, 160-0004, 日本"
国分寺,35.7000276,139.4804328,"国分寺, 立川国分寺線, 南町二丁目, 国分寺市, 東京都, 185-0021, 日本"
国立,35.6992877,139.4467426,"国立, 立川国分寺線, 北一丁目, 国立市, 東京都, 186-0002, 日本"
国立競技場,35.6796636,139.715996,"国立競技場, 四谷角筈線, 霞ヶ丘町, 新宿区, 東京都, 160-0015, 日本"
国領,35.6503091,139.5586158,"国領, 狛江通り, 国領町四丁目, 調布市, 東京都, 182-0022, 日本"
地下鉄成増,35.7766151,139.6312688,"地下鉄成増, 川越街道, 成増二丁目, 板橋区, 東京都, 175-0094, 日本"
地下鉄赤塚,35.7699229,139.6441259,"地下鉄赤塚, 川越街道, 練馬区, 板橋区, 東京都, 175-0093, 日本"
堀切,35.743321,139.8175848,"堀切, 新荒川堤防線, 柳原一丁目, 柳原, 足立区, 東京都, 120-0023, 日本"
堀切菖蒲園,35.7476751,139.8274834,"堀切菖蒲園, 川の手通り, 堀切五丁目, 葛飾区, 東京都, 124-0006, 日本"
外苑前,35.6705551,139.7178217,"外苑前, 青山通り, 北青山二丁目, 港区, 東京都, 107-8572, 日本"
多摩センター,35.6239385,139.4228734,"多摩センター, 多摩モノレール通り, 鶴牧一丁目, 多摩市, 東京都, 206-8543, 日本"
多摩動物公園,35.65059775,139.40049172417673,"多摩動物公園, 北野街道, 南平七丁目, 日野市, 東京都, 191-0041, 日本"
多摩境,35.6020524,139.3671223,"多摩境, 高ヶ谷戸橋, 小山ヶ丘四丁目, 町田市, 東京都, 194-0215, 日本"
多摩川,35.6849947,139.4042867,"多摩川, 神奈川県, 日本"
多摩湖,35.7659296,139.4425781,"多摩湖, 多摩湖自転車道, 多摩湖一丁目, 東村山市, 東京都, 359-1145, 日本"
多磨,35.6769133,139.5171916,"多磨, 人見街道, 紅葉丘二丁目, 府中市, 東京都, 183-0004, 日本"
多磨霊園,35.666037,139.5029066,"多磨霊園, 東郷寺通り, 小柳町一丁目, 府中市, 東京都, 183-0013, 日本"
大久保(東京),35.7007776,139.6973178,"大久保, 大久保通り, 百人町二丁目, 新宿区, 東京都, 169-0073, 日本"
大井町,35.6076529,139.734319,"大井町, 区役所通り, 大井一丁目, 品川区, 東京都, 140-0005, 日本"
大井競馬場前,35.5951172,139.7470539,"大井競馬場前, 勝島歩道橋, 八潮五丁目, 勝島一丁目, 品川区, 東京都, 140-0012, 日本"
大塚(東京),35.7317401,139.7283438,"大塚, サンモール大塚商店街, 南大塚三丁目, 豊島区, 東京都, 170-0004, 日本"
大塚・帝京大学,35.6368916,139.4164754,"大塚・帝京大学, 多摩モノレール通り, 大塚, 八王子市, 東京都, 192-0351, 日本"
大山(東京),35.7486322,139.7024528,"大山, 遊座大山, 大山東町, 板橋区, 東京都, 173-0014, 日本"
大岡山,35.6074155,139.6857012,"大岡山, 緑小通り, 緑が丘二丁目, 目黒区, 東京都, 152-0034, 日本"
大島(東京),35.6898054,139.8350733,"大島, 新大橋通り, 大島九丁目, 江東区, 東京都, 136-0072, 日本"
大崎,35.619399,139.7285191,"大崎, 山手通り, 大崎一丁目, 品川区, 東京都, 141-0032, 日本"
大崎広小路,35.6225443,139.7225696,"大崎広小路, 首都高速中央環状線, 下目黒三丁目, 日本ペイント東京事業所, 品川区, 東京都, 140-0002, 日本"
大師前,35.7788753,139.7814629,"大師前, 環七通り, 西新井一丁目, 西新井, 足立区, 東京都, 123-0841, 日本"
大手町(東京),35.6840162,139.7626637,"大手町, 日比谷通り, 丸の内一丁目, 丸の内, 千代田区, 東京都, 100-0005, 日本"
大森(東京),35.5884735,139.7279334,"大森, 16, 大田区, 東京都, 143-0023, 日本"
大森海岸,35.5876946,139.7354165,"大森海岸, 第一京浜, 南大井三丁目, 品川区, 東京都, 140-0013, 日本"
大森町,35.5725032,139.7320685,"大森町, 第一京浜, 蒲田二丁目, 蒲田, 大田区, 東京都, 143-0014, 日本"
大泉学園,35.7495045,139.5865223,"大泉学園, 大泉ゆめーてる商店街, 東大泉四丁目, 練馬区, 東京都, 178-0063, 日本"
大門(東京),35.6567937,139.7553731,"大門, 第一京浜, 新橋六丁目, 芝大門一丁目, 港区, 東京都, 105-0012, 日本"
大鳥居,35.5524778,139.7397097,"大鳥居, 環八通り, 西糀谷三丁目, 西糀谷, 大田区, 東京都, 144-8532, 日本"
天王洲アイル,35.6205792,139.7508785,"天王洲アイル, 首都高速1号羽田線, 港南四丁目, 品川, 品川区, 東京都, 140-0002, 日本"
天空橋,35.5489671,139.7543827,"天空橋, 環八通り, 羽田空港一丁目, 羽田空港, 大田区, 東京都, 144-0041, 日本"
奥多摩,35.8094019,139.0967926,"奥多摩, 奥多摩駅, 南氷川, 奥多摩町, 西多摩郡, 東京都, 198-0212, 日本"
奥沢,35.6040531,139.672769,"奥沢, 自由通り, 奥沢三丁目, 世田谷区, 東京都, 158-0083, 日本"
学習院下,35.7191,139.7079,"聖ヨハネ教会堂 学習院長 官舎 森鴎外・夏目漱石住宅, 市道富士本線, 字堤下, 犬山市, 愛知県, 中部地方, 484-0061, 日本"
学芸大学,35.6289474,139.6852812,"学芸大学, 鷹番通り, 鷹番二丁目, 目黒区, 東京都, 152-0004, 日本"
宝町(東京),35.6801298,139.7762439,"宝町, 首都高速都心環状線, 日本橋兜町, 中央区, 東京都, 103-0026, 日本"
宮の坂,35.6478254,139.6449893,"宮の坂, 城山通り, 宮坂一丁目, 世田谷区, 東京都, 156-0051, 日本"
宮ノ前,35.7500466,139.7652475,"宮ノ前, 都電通り, 西尾久三丁目, 西尾久, 荒川区, 東京都, 116-0011, 日本"
宮ノ平,35.787437,139.2368359,"宮ノ平, 青梅街道, 日向和田二丁目, 青梅市, 東京都, 198-0046, 日本"
富士見ケ丘,35.6848,139.6071,"富士見ケ丘, 富士宮市, 静岡県, 中部地方, 418-0002, 日本"
富士見台,35.7358,139.6297,"富士見台, 弘前市, 青森県, 日本"
小伝馬町,35.6907596,139.7784723,"小伝馬町, 江戸通り, 日本橋小伝馬町, 中央区, 東京都, 103-0001, 日本"
小作,35.7763109,139.3019232,"小作, 1, 羽村市, 東京都, 205-0001, 日本"
小台,35.7505193,139.7620294,"小台, 白山小台線, 西尾久一丁目, 西尾久, 荒川区, 東京都, 114-0012, 日本"
小宮,35.6855706,139.3688288,"小宮, 多摩大橋通り, 小宮町, 八王子市, 東京都, 192-0031, 日本"
小岩,35.733289,139.8818068,"小岩, 地蔵通り, 南小岩八丁目, 江戸川区, 東京都, 133-0057, 日本"
小川(東京),35.7374095,139.4635507,"小川, 小川駅東通り, 小川東町一丁目, 小平市, 東京都, 187-0031, 日本"
小川町(東京),35.6949465,139.7662986,"小川町, 靖国通り, 神田小川町一丁目, 神田小川町, 千代田区, 東京都, 101-0053, 日本"
小平,35.7370404,139.4882532,"小平, あかしあ通り, 一丁目, 美園町, 小平市, 東京都, 187-0041, 日本"
小村井,35.7102802,139.8277754,"小村井, 明治通り, 文花二丁目, 墨田区, 東京都, 131-0044, 日本"
小田急多摩センター,35.6250229,139.4245522,"小田急多摩センター, 多摩センター大橋東脇橋, 落合一丁目, 多摩市, 東京都, 206-8543, 日本"
小田急永山,35.6299329,139.4482099,"小田急永山, 東京都道18号府中町田線, 諏訪一丁目, 多摩市, 東京都, 206-0026, 日本"
小竹向原,35.7434,139.6794,"香住区小原, 香美町, 美方郡, 兵庫県, 669-6555, 日本"
小菅,35.7586732,139.8126428,"小菅, 平和橋通り, 足立二丁目, 足立, 足立区, 東京都, 120-0015, 日本"
尾久,35.7469091,139.7536603,"尾久, 明治通り, 昭和町二丁目, 西尾久, 北区, 東京都, 114-0016, 日本"
尾山台,35.607055,139.6537547,"尾山台, 尾山台商店街, 等々力四丁目, 世田谷区, 東京都, 158-0086, 日本"
山下(東京),35.6538239,139.6465157,"山下, ユリの木通り, 宮坂二丁目, 世田谷区, 東京都, 154-0021, 日本"
山田(東京),35.6444148,139.3211783,"山田, 506, 小比企町, 八王子市, 東京都, 193-0934, 日本"
岩本町,35.69392085,139.77705947987607,"岩本町, 千代田区, 東京都, 101-0032, 日本"
川井,35.8137516,139.1640333,"川井, 青梅街道, 川井, 奥多摩町, 西多摩郡, 東京都, 198-0105, 日本"
巣鴨,35.7338271,139.7383039,"巣鴨, 白山通り, 巣鴨二丁目, 豊島区, 東京都, 170-0002, 日本"
市ケ谷,35.6911864,139.7356237,"市ケ谷, 靖国通り, 市谷八幡町, 千代田区, 東京都, 162-0844, 日本"
布田,35.6498661,139.5517595,"布田, 布田南通り, 布田三丁目, 調布市, 東京都, 182-0015, 日本"
幡ケ谷,35.6772317,139.6768293,"幡ヶ谷, 西原通り, 幡ヶ谷二丁目, 渋谷区, 東京都, 151-0072, 日本"
平井(東京),35.706421,139.8425004,"平井, 平井駅通り, 平井五丁目, 江戸川区, 東京都, 132-0035, 日本"
平和台(東京),35.7576097,139.6541628,"平和台, 池袋谷原線, 北町六丁目, 練馬区, 東京都, 179-0085, 日本"
平和島,35.5787185,139.7349465,"平和島, 第一京浜, 大森東一丁目, 大森本町二丁目, 大田区, 東京都, 143-0011, 日本"
平山城址公園,35.6475285,139.3801778,"平山城址公園, 公衆地下道, 東平山一丁目, 日野市, 東京都, 192-0392, 日本"
広尾,35.6522569,139.7175844,"広尾, 渋谷区, 東京都, 日本"
庚申塚,35.7396036,139.7297221,"庚申塚, 庚申塚通り, 西巣鴨二丁目, 豊島区, 東京都, 170-0001, 日本"
府中(東京),35.672219,139.4800091,"府中, 府中駅前通り, 宮町一丁目, 府中市, 東京都, 183-0023, 日本"
府中本町,35.6661049,139.4771023,"府中本町, 府中本町陸橋, 本町一丁目, 府中市, 東京都, 183-0027, 日本"
府中競馬正門前,35.6685505,139.4849306,"府中競馬正門前, 旧甲州街道, 八幡町二丁目, 府中市, 東京都, 183-0016, 日本"
後楽園,35.70730905,139.75115356364597,"後楽園, 牛込小石川線, 春日一丁目, 文京区, 東京都, 112-0003, 日本"
御嶽,35.8014926,139.1823453,"御嶽, 1.鳩ノ巣・奥多摩方面, 御岳一丁目, 青梅市, 東京都, 198-0174, 日本"
御嶽山,35.5852,139.6824,"御嶽山, 王滝村, 木曽郡, 長野県, 中部地方, 日本"
御徒町,35.7069531,139.7746303,"御徒町, エメラルドアベニュー, 上野三丁目, 台東区, 東京都, 110-0005, 日本"
御成門,35.6608011,139.7513591,"御成門, 新橋六丁目, 芝公園一丁目, 港区, 東京都, 105-8471, 日本"
御茶ノ水,35.69972185,139.76442970129497,"御茶ノ水, 茗渓通り, 神田駿河台二丁目, 神田駿河台, 千代田区, 東京都, 101-0062, 日本"
志村三丁目,35.7775163,139.685974,"志村三丁目, 御成塚通り, 坂下一丁目, 板橋区, 東京都, 174-8550, 日本"
志村坂上,35.7757065,139.6955271,"志村坂上, 中山道, 志村一丁目, 板橋区, 東京都, 174-0055, 日本"
志茂,35.7779045,139.7325256,"志茂, 北本通り, 神谷三丁目, 北区, 東京都, 115-0042, 日本"
恋ケ窪,35.7113067,139.464052,"恋ヶ窪, 国立停車場恋ヶ窪線, 戸倉二丁目, 国分寺市, 東京都, 185-0003, 日本"
恵比寿,35.6464378,139.7102101,"恵比寿, いなり坂, 恵比寿南一丁目, 恵比寿南, 渋谷区, 東京都, 150-0022, 日本"
成城学園前,35.639911,139.5984996,"成城学園前, 成城通り, 成城六丁目, 世田谷区, 東京都, 157-0066, 日本"
成増,35.7775924,139.632934,"成増, 成増北口通り, 成増二丁目, 板橋区, 東京都, 175-0094, 日本"
成瀬,35.5353877,139.4728465,"成瀬, タクシープール, 成瀬が丘二丁目, 町田市, 東京都, 194-0011, 日本"
戸越,35.614502,139.7163642,"戸越, 第二京浜, 平塚一丁目, 品川区, 東京都, 142-0051, 日本"
戸越公園,35.6089314,139.71829023631955,"戸越公園, 補助第29号線, 戸越六丁目, 品川区, 東京都, 140-0015, 日本"
戸越銀座,35.6162094,139.7150542,"戸越銀座, 戸越銀座通り, 平塚一丁目, 品川区, 東京都, 142-0051, 日本"
所沢,35.7873016,139.4734859,"所沢, 所沢プロペ, 東町, 所沢市, 埼玉県, 359-1123, 日本"
扇大橋,35.7639817,139.77078,"扇大橋, 尾久橋通り, 扇二丁目, 扇, 足立区, 東京都, 123-0873, 日本"
押上,35.7106,139.8131,"押上, さくら市, 栃木県, 329-1311, 日本"
拝島,35.7211328,139.3436264,"拝島, 拝島停車場通り, 松原町四丁目, 福生市, 東京都, 196-0003, 日本"
新三河島,35.7371829,139.7739836,"新三河島, 藍染川西通り, 西日暮里五丁目, 荒川区, 東京都, 116-0013, 日本"
新中野,35.6974599,139.6686428,"新中野, 青梅街道, 本町六丁目, 中野区, 東京都, 164-0012, 日本"
新井薬師前,35.7157294,139.672568,"新井薬師前, 哲学堂通り, 松が丘一丁目, 中野区, 東京都, 165-0025, 日本"
新代田,35.6626031,139.6610332,"新代田, (新代田駅), 羽根木一丁目, 世田谷区, 東京都, 156-0042, 日本"
新大久保,35.7013007,139.7002421,"新大久保, 大久保通り, 百人町一丁目, 新宿区, 東京都, 169-0073, 日本"
新大塚,35.7257981,139.7299358,"新大塚, 春日通り, 大塚五丁目, 文京区, 東京都, 170-0005, 日本"
新宿,35.6890683,139.7007324,"新宿, 甲州街道, 新宿四丁目, 新宿区, 東京都, 151-8580, 日本"
新宿三丁目,35.6912513,139.7041282,"新宿三丁目, メトロプロムナード, 新宿三丁目, 新宿区, 東京都, 160-0022, 日本"
新宿御苑前,35.6885735,139.7107396,"新宿御苑前, 新宿通り, 新宿一丁目, 新宿区, 東京都, 160-0014, 日本"
新宿西口,35.69231385,139.69853418351735,"新宿西口, 西新宿一丁目, 新宿区, 東京都, 日本"
新富町(東京),35.6706344,139.7734197,"新富町, 新富二丁目, 築地, 中央区, 東京都, 104-8404, 日本"
新小岩,35.7169324,139.8579995,"新小岩, たつみスカイデッキ, 新小岩二丁目, 葛飾区, 東京都, 124-0024, 日本"
新小平,35.7311984,139.4707127,"新小平, 新小平東通り, 小川東町五丁目, 小平市, 東京都, 187-8502, 日本"
新小金井,35.6959,139.5267,"新田小金井町, 太田市, 群馬県, 373-0038, 日本"
新庚申塚,35.7415243,139.7306336,"新庚申塚, 白山通り, 西巣鴨三丁目, 豊島区, 東京都, 170-0001, 日本"
新座,35.8036921,139.5562041,"新座, 新座バイパス, 大和田二丁目, 新座市, 埼玉県, 352-0011, 日本"
新御徒町,35.7070114,139.7820289,"新御徒町, 春日通り, 元浅草一丁目, 元浅草, 台東区, 東京都, 111-0041, 日本"
新御茶ノ水,35.6971616,139.7656324,"新御茶ノ水, 本郷通り, 神田駿河台三丁目, 神田駿河台, 千代田区, 東京都, 101-0063, 日本"
新日本橋,35.6889789,139.7742113,"新日本橋, 江戸通り, 日本橋本町三丁目, 日本橋本町, 中央区, 東京都, 103-0022, 日本"
新木場,35.6461392,139.8272901,"新木場, りんかい線, 新木場一丁目, 新木場, 江東区, 東京都, 136-0082, 日本"
新板橋,35.7488434,139.720003,"新板橋, 首都高速中央環状線, 滝野川五丁目, 板橋, 板橋区, 東京都, 173-0004, 日本"
新柴又,35.7510711,139.8793606,"新柴又, 柴又街道, 鎌倉三丁目, 葛飾区, 東京都, 125-0052, 日本"
新桜台,35.7410899,139.6686209,"新桜台, 環七通り, 練馬区, 板橋区, 東京都, 176-8521, 日本"
新橋,35.6654012,139.759388,"新橋, 第一京浜, 新橋四丁目, 東新橋二丁目, 港区, 東京都, 105-7444, 日本"
新江古田,35.7326392,139.6704367,"新江古田, 目白通り, 練馬区, 中野区, 東京都, 171-0052, 日本"
新百合ケ丘,35.60372195,139.50757843374703,"新百合ヶ丘, 万福寺, 麻生区, 川崎市, 神奈川県, 215-0004, 日本"
新秋津,35.7783575,139.4937829,"新秋津, 秋津停車場線, 秋津町五丁目, 東村山市, 東京都, 189-0001, 日本"
新豊洲,35.6487704,139.790212,"新豊洲, 豊洲有明線, 豊洲六丁目, 江東区, 東京都, 135-0061, 日本"
新馬場,35.616943,139.7413577,"新馬場, 山手通り, 北品川二丁目, 品川区, 東京都, 140-0001, 日本"
新高円寺,35.699366600000005,139.6495247101185,"GREEN PLAZA 新高円寺, かまくら道, 高円寺南三丁目, 高円寺, 杉並区, 東京都, 166-0003, 日本"
新高島平,35.7902142,139.6544258,"新高島平, 高島通り, 高島平, 板橋区, 東京都, 175-0082, 日本"
方南町,35.6834704,139.6576521,"方南町, 方南通り, 方南二丁目, 杉並区, 東京都, 168-0062, 日本"
旗の台,35.6049725,139.7027633,"旗の台, 三間通り, 旗の台四丁目, 品川区, 東京都, 142-0054, 日本"
日の出,35.6491888,139.7590999,"日の出, 新橋日の出ふ頭線, 海岸二丁目, 港区, 東京都, 105-8575, 日本"
日向和田,35.7882863,139.2331467,"日向和田, 青梅市, 東京都, 198-0046, 日本"
日暮里,35.7283798,139.7709817,"日暮里, 19-1, 荒川区, 東京都, 116-0013, 日本"
日本橋(東京),35.6809246,139.77379473653758,"日本橋, 中央区, 東京都, 日本"
日比谷,35.6736968,139.7584305,"日比谷, 日比谷通り, 有楽町一丁目, 有楽町, 千代田区, 東京都, 100-0006, 日本"
日野(東京),35.6793418,139.3940441,"日野, 甲州街道, 日野本町三丁目, 日野市, 東京都, 191-0011, 日本"
早稲田,35.709179750000004,139.71972128895072,"早稲田大学早稲田キャンパス, 1, 西早稲田一丁目, 新宿区, 東京都, 169-8050, 日本"
早稲田(都電),35.7026535,139.5772436,"早稲田塾, 吉祥寺通り, 御殿山, 武蔵野市, 東京都, 180-0003, 日本"
明大前,35.6684337,139.6504275,"明大前, すずらん通り, 松原一丁目, 世田谷区, 東京都, 156-0063, 日本"
明治神宮前,35.6748417,139.69962659091632,"明治神宮, 1, 代々木神園町, 渋谷区, 東京都, 151-8557, 日本"
春日(東京),35.7084896,139.7527409,"春日, 春日通り, 春日一丁目, 文京区, 東京都, 112-0003, 日本"
昭和島,35.572113349999995,139.75026476169197,"昭和島, 首都高速1号羽田線, 昭和島二丁目, 昭和島, 大田区, 東京都, 145-0012, 日本"
昭島,35.7135703,139.3608938,"昭島, 江戸街道, 昭和町二丁目, 昭島市, 東京都, 196-0014, 日本"
是政,35.656312,139.4893214,"是政, 是政駅, 是政五丁目, 府中市, 東京都, 183-0014, 日本"
曙橋,35.6924146,139.7228634,"曙橋, 靖国通り, 片町, 新宿区, 東京都, 162-0065, 日本"
曳舟,35.7183056,139.8167501,"曳舟, 曳舟川通り, 押上二丁目, 墨田区, 東京都, 131-8522, 日本"
月島,35.6631252,139.78119426564774,"月島, 中央区, 東京都, 104-0052, 日本"
有明(東京),35.6345739,139.7932939,"有明, 豊洲有明線, 有明三丁目, 江東区, 東京都, 135-0063, 日本"
有明テニスの森,35.6401034,139.7887923,"有明テニスの森, 環二通り, 有明一丁目, 江東区, 東京都, 135-0063, 日本"
木場,35.669416,139.8065455,"木場, 永代通り, 木場五丁目, 江東区, 東京都, 135-0042, 日本"
末広町(東京),35.7029398,139.7716995,"末広町, 中央通り, 外神田四丁目, 外神田, 千代田区, 東京都, 113-0034, 日本"
本所吾妻橋,35.7085422,139.8043606,"本所吾妻橋, 浅草通り, 吾妻橋三丁目, 墨田区, 東京都, 130-0001, 日本"
本蓮沼,35.7685127,139.7024273,"本蓮沼, 中山道, 蓮沼町, 板橋区, 東京都, 174-0054, 日本"
本郷三丁目,35.7066386,139.7599627,"本郷三丁目, 本郷通り, 本郷二丁目, 文京区, 東京都, 113-0033, 日本"
本駒込,35.7247714,139.7537618,"本駒込, 本郷通り, 本駒込一丁目, 文京区, 東京都, 170-0003, 日本"
東あずま,35.7070671,139.8318015,"東あずま, 曳舟たから通り, 文花二丁目, 墨田区, 東京都, 131-0043, 日本"
東中神,35.7063674,139.3844328,"東中神, 東中神停車場線, 玉川町一丁目, 昭島市, 東京都, 196-0033, 日本"
東中野,35.7062503,139.6848675,"東中野, ムーンロード, 東中野四丁目, 中野区, 東京都, 164-0003, 日本"
東久留米,35.7602506,139.5340853,"東久留米, 234, 本町一丁目, 東久留米市, 東京都, 203-0014, 日本"
東京,35.6840574,139.7744912,"東京都, 日本"
東伏見,35.7287024,139.5642364,"東伏見, 新青梅街道, 保谷町, 西東京市, 東京都, 202-0014, 日本"
東北沢,35.6651123,139.6724693,"東北沢, 区道（線路地下化上部跡地）, 北沢三丁目, 世田谷区, 東京都, 155-8666, 日本"
東十条,35.7638484,139.7268749,"東十条, 東十条駅連絡口, 東十条三丁目, 北区, 東京都, 114-0001, 日本"
東向島,35.724279,139.8193204,"東向島, 水戸街道, 東向島五丁目, 墨田区, 東京都, 131-0032, 日本"
東大前,35.7173365,139.7581767,"東大前, 本郷通り, 向丘一丁目, 文京区, 東京都, 113-0023, 日本"
東大和市,35.740869,139.428831,"東大和市, 東京都, 日本"
東大島,35.6902749,139.8459504,"東大島, 新大橋通り, 小松川一丁目, 江東区, 東京都, 132-0034, 日本"
東小金井,35.7016087,139.5243396,"東小金井, 地蔵通り, 梶野町五丁目, 小金井市, 東京都, 184-0003, 日本"
東尾久三丁目,35.7455749,139.7740826,"東尾久三丁目, 都電通り, 東尾久六丁目, 東尾久, 荒川区, 東京都, 116-0012, 日本"
東府中,35.6688912,139.495162,"東府中, 品川街道, 清水が丘一丁目, 府中市, 東京都, 183-0015, 日本"
東新宿,35.698933,139.707695,"東新宿, 明治通り, 大久保一丁目, 新宿区, 東京都, 160-8430, 日本"
東日本橋,35.6921262,139.7848622,"東日本橋, 清杉通り, 東日本橋三丁目, 東日本橋, 中央区, 東京都, 103-0004, 日本"
東村山,35.7604737,139.4659028,"東村山, さくら通り, 本町二丁目, 東村山市, 東京都, 189-0014, 日本"
東松原,35.6626755,139.6558627,"東松原, 補助54号線, 松原五丁目, 世田谷区, 東京都, 156-0042, 日本"
東武練馬,35.7686415,139.6625353,"東武練馬, 不動通り, 徳丸二丁目, 板橋区, 東京都, 175-0083, 日本"
東池袋,35.7257006,139.7195905,"東池袋, 音羽池袋線, 南池袋二丁目, 南池袋, 豊島区, 東京都, 170-8422, 日本"
東福生,35.7457424,139.3359519,"東福生, 松林通り, 武蔵野台一丁目, 福生市, 東京都, 197-0013, 日本"
東秋留,35.7259384,139.3109959,"東秋留, 東秋留停車場線, 野辺, あきる野市, 東京都, 197-0821, 日本"
東銀座,35.6696525,139.766916,"東銀座, 晴海通り, 銀座五丁目, 中央区, 東京都, 104-0061, 日本"
東長崎,35.7302608,139.6828643,"東長崎, 長崎銀座, 南長崎五丁目, 豊島区, 東京都, 171-0052, 日本"
東陽町,35.6695961,139.8174761,"東陽町, 永代通り, 東陽四丁目, 江東区, 東京都, 135-0016, 日本"
東雲(東京),35.64073,139.8036235,"東雲, 東京湾岸道路, 東雲二丁目, 江東区, 東京都, 135-0062, 日本"
東青梅,35.7899044,139.2725011,"東青梅, 奥多摩街道, 東青梅一丁目, 青梅市, 東京都, 198-8701, 日本"
東高円寺,35.6582024,139.6164221116808,"私立 大東学園高等学校, 調布経堂停車場線, 船橋七丁目, 世田谷区, 東京都, 157-0071, 日本"
松が谷,35.7148026,139.78709299170742,"松が谷, 台東区, 東京都, 111-0036, 日本"
松原(東京),35.6600057,139.6419797,"松原, 赤松通り, 赤堤三丁目, 世田谷区, 東京都, 156-0044, 日本"
松陰神社前,35.6439039,139.655068,"松陰神社前, 松陰神社通り, 若林四丁目, 世田谷区, 東京都, 154-8504, 日本"
板橋,35.7456743,139.7196963,"板橋, 板橋駅東口噴水広場, 滝野川七丁目, 北区, 東京都, 170-0011, 日本"
板橋区役所前,35.7513354,139.7100156,"板橋区役所前, 中山道, 板橋二丁目, 板橋, 板橋区, 東京都, 173-0004, 日本"
板橋本町,35.7614278,139.7054985,"板橋本町, 首都高速5号池袋線, 早瀬二丁目, 板橋, 板橋区, 東京都, 埼玉県, 174-0054, 日本"
柴又,35.7564295,139.8751807,"柴又, 帝釈天参道, 柴又四丁目, 葛飾区, 東京都, 125-0052, 日本"
柴崎,35.6542424,139.5670439,"柴崎, 大町通り, 菊野台一丁目, 調布市, 東京都, 201-0001, 日本"
柴崎体育館,35.6899232,139.4094043,"柴崎体育館, 多摩モノレール通り, 柴崎町六丁目, 柴崎町, 立川市, 東京都, 190-0023, 日本"
柿生,35.5895773,139.4975602,"柿生, 柿生町田線, 上麻生五丁目, 上麻生, 麻生区, 川崎市, 神奈川県, 215-0023, 日本"
栄町(東京),35.7509144,139.7422541,"栄町, 首都高速道路, 堀船一丁目, 北区, 東京都, 114-0024, 日本"
栗平,35.6060805,139.4808891,"栗平, 137, 白鳥二丁目, 麻生区, 川崎市, 神奈川県, 215-0031, 日本"
根津,35.7173532,139.765722,"根津, 不忍通り, 根津二丁目, 文京区, 東京都, 113-0031, 日本"
桜上水,35.6675627,139.6320107,"桜上水, 線路道, 桜上水四丁目, 世田谷区, 東京都, 168-0073, 日本"
桜台(東京),35.7387537,139.6623844,"桜台, 千川通り, 豊玉上二丁目, 練馬区, 東京都, 176-0011, 日本"
桜新町,35.6317241,139.6453688,"桜新町, 瀬田貫井線, 桜新町二丁目, 世田谷区, 東京都, 154-0015, 日本"
桜街道,35.7390803,139.4166295,"桜街道, 芋窪街道, 立野二丁目, 東大和市, 東京都, 207-0033, 日本"
梅ケ丘,35.656,139.6537,"梅ケ丘, 伏見柳谷高槻線; 柳谷道, 奥海印寺, 長岡京市, 京都府, 617-0824, 日本"
梅屋敷(東京),35.5669464,139.72834168853757,"梅屋敷 (Umeyashiki), 第一京浜, 蒲田二丁目, 東蒲田一丁目, 大田区, 東京都, 143-0014, 日本"
梅島,35.7723229,139.7980187,"梅島, 亀田トレイン通り, 梅田八丁目, 梅田, 足立区, 東京都, 123-0851, 日本"
梶原,35.7511,139.7473,"梶原, 鎌倉市, 神奈川県, 247-0063, 日本"
森下(東京),35.6879977,139.7970443,"森下, 新大橋通り, 新大橋三丁目, 江東区, 東京都, 135-0007, 日本"
椎名町,35.7264476,139.6948922,"椎名町, 山手通り, 南長崎一丁目, 豊島区, 東京都, 171-0043, 日本"
橋本(神奈川),35.5917976,139.3280101932064,"神奈川中央交通東 橋本営業所, 西橋本四丁目, 緑区, 相模原市, 神奈川県, 日本"
武蔵五日市,35.7323496,139.2281606,"武蔵五日市, 秋川街道, 舘谷台, あきる野市, 東京都, 190-0163, 日本"
武蔵境,35.7019995,139.5440463,"武蔵境, すきっぷ通り, 境, 武蔵野市, 東京都, 180-0024, 日本"
武蔵増戸,35.7310041,139.256252,"武蔵増戸, 伊奈福生線, 上ノ台, あきる野市, 東京都, 190-0142, 日本"
武蔵大和,35.7562572,139.4441025,"武蔵大和, 128, 高木一丁目, 東村山市, 東京都, 207-0005, 日本"
武蔵小山,35.6205396,139.7045883,"武蔵小山, タクシー待ち専用駐車場, 小山三丁目, 品川区, 東京都, 142-0061, 日本"
武蔵小金井,35.7011279,139.5068418,"武蔵小金井, 武蔵小金井駅, 本町, 小金井市, 東京都, 184-0004, 日本"
武蔵引田,35.7297501,139.2701831,"武蔵引田, 伊奈福生線, 上ノ台, あきる野市, 東京都, 197-0834, 日本"
武蔵新田,35.5678605,139.6924509,"武蔵新田, 環八通り, 矢口一丁目, 大田区, 東京都, 146-0083, 日本"
武蔵砂川,35.7289155,139.3922831,"武蔵砂川, 見影橋, 砂川町三丁目, 上砂町, 立川市, 東京都, 190-0032, 日本"
武蔵野台,35.6642284,139.5109606,"武蔵野台, 品川街道, 白糸台五丁目, 府中市, 東京都, 183-0011, 日本"
武蔵関,35.7276304,139.576787,"武蔵関, 武蔵関駅北口商店会, 関町東二丁目, 練馬区, 東京都, 177-0051, 日本"
水天宮前,35.6825122,139.7855973,"水天宮前, 日本橋蛎殻町一丁目, 日本橋蛎殻町, 中央区, 東京都, 103-0014, 日本"
水道橋,35.7035315,139.7552679,"水道橋, 白山通り, 本郷一丁目, 文京区, 東京都, 112-8575, 日本"
氷川台,35.7498601,139.6650785,"氷川台, 池袋谷原線, 平和台三丁目, 練馬区, 東京都, 179-0084, 日本"
永田町,35.675895,139.746306,"永田町, 千代田区, 東京都, 100-0014, 日本"
永福町,35.6761769,139.6425538,"永福町, 井ノ頭通り, 永福, 杉並区, 東京都, 168-0064, 日本"
汐留,35.661437449999994,139.7589371326358,"汐留SIO-SITE, 港区, 東京都, 日本"
江北(東京),35.773411,139.7648511834314,"江北, 足立区, 東京都, 123-0872, 日本"
江古田,35.7375689,139.6727894,"江古田, 千川通り, 豊玉上一丁目, 練馬区, 東京都, 176-0006, 日本"
江戸川,35.7377414,139.8958708,"江戸川, 千葉街道, 北小岩三丁目, 江戸川区, 東京都, 133-0052, 日本"
江戸川橋,35.7239177,139.8634136,"上平井橋江戸川大橋線, 東新小岩四丁目, 葛飾区, 東京都, 124-0023, 日本"
池ノ上,35.6604137,139.673304,"池ノ上, 池ノ上駅, 代沢二丁目, 世田谷区, 東京都, 155-8666, 日本"
池上,35.5720035,139.7030503,"池上, 池上通り, 池上三丁目, 大田区, 東京都, 146-0082, 日本"
池尻大橋,35.6507634,139.6847724,"池尻大橋, 首都高速3号渋谷線, 池尻三丁目, 目黒区, 東京都, 154-0001, 日本"
池袋,35.7312233,139.7089976,"池袋, みずき通り, 池袋二丁目, 池袋, 豊島区, 東京都, 171-0021, 日本"
沢井,35.8059,139.1934,"沢井, 青森市, 青森県, 日本"
河辺,35.7844651,139.2845935,"河辺, 1.青梅方面, 河辺町五丁目, 青梅市, 東京都, 198-0036, 日本"
沼袋,35.7192687,139.6646063,"沼袋, 新道橋, 沼袋三丁目, 中野区, 東京都, 165-0026, 日本"
沼部,35.5827546,139.6730505,"沼部, 多摩堤通り, 田園調布南, 大田区, 東京都, 145-0076, 日本"
泉体育館,35.7188183,139.4195455,"泉体育館, 芋窪街道, 幸町一丁目, 栄町, 立川市, 東京都, 190-0003, 日本"
泉岳寺,35.6387045,139.7398984,"泉岳寺, 第一京浜, 高輪二丁目, 品川, 港区, 東京都, 108-0074, 日本"
洗足,35.6101514,139.6941664,"洗足, 円融寺通り, 洗足二丁目, 目黒区, 東京都, 152-0012, 日本"
洗足池,35.601642600000005,139.6902476582723,"洗足池, 南千束二丁目, 大田区, 東京都, 145-0063, 日本"
流通センター,35.5816673,139.7491238,"流通センター, 環七通り, 平和島三丁目, 平和島, 大田区, 東京都, 143-0006, 日本"
浅草,35.7175966,139.7975626,"浅草, 台東区, 東京都, 日本"
浅草橋,35.6973915,139.7863101,"浅草橋, 江戸通り, 柳橋二丁目, 台東区, 東京都, 111-0052, 日本"
浜松町,35.6551111,139.7570622,"浜松町, モノレール浜松町, 新橋六丁目, 浜松町二丁目, 港区, 東京都, 105-6101, 日本"
浜田山,35.6816467,139.6274677,"浜田山, 井ノ頭通り, 浜田山三丁目, 杉並区, 東京都, 168-0065, 日本"
浜町,35.6884,139.7879,"浜町, 鹿児島市, 鹿児島県, 892-8677, 日本"
浮間舟渡,35.7911796,139.6915101,"浮間舟渡, 447, 舟渡, 北区, 東京都, 174-0041, 日本"
淡路町,35.6950614,139.767473,"淡路町, 外堀通り, 神田小川町一丁目, 神田小川町, 千代田区, 東京都, 101-0048, 日本"
淵野辺,35.568732,139.3948202,"淵野辺, オーロラデッキ, 鹿沼台一丁目, 中央区, 相模原市, 神奈川県, 252-0206, 日本"
清澄白河,35.6820504,139.7987644,"清澄白河, 清洲橋通り, 白河三丁目, 江東区, 東京都, 135-0021, 日本"
清瀬,35.7720422,139.5200291,"清瀬, entrace to seiyu parking, 元町一丁目, 清瀬市, 東京都, 204-0021, 日本"
渋谷,35.6587719,139.6994374,"渋谷, ウェーヴ通り, 道玄坂一丁目, 渋谷区, 東京都, 150-0043, 日本"
湯島,35.7084,139.7693,"湯島, 上天草市, 熊本県, 日本"
溜池山王,35.6715337,139.741961,"溜池山王, 外堀通り, 赤坂二丁目, 赤坂, 港区, 東京都, 100-8968, 日本"
滝野川一丁目,35.7473062,139.7353992,"滝野川一丁目, 補助第181号線, 滝野川一丁目, 北区, 東京都, 114-0023, 日本"
潮見,35.658929,139.8171928,"潮見, 潮見駅西口, 潮見二丁目, 江東区, 東京都, 135-0052, 日本"
熊川,35.7284669,139.3354099,"熊川, 新奥多摩街道, 南田園二丁目, 福生市, 東京都, 197-0024, 日本"
熊野前,35.7485026,139.7698912,"熊野前, 尾久橋通り, 東尾久八丁目, 東尾久, 荒川区, 東京都, 116-0012, 日本"
片倉,35.6398013,139.3414342,"片倉, 東京環状, 西片倉一丁目, 西片倉, 八王子市, 東京都, 192-0914, 日本"
牛浜,35.7346115,139.3336014,"牛浜, 図書館通り, 牛浜, 福生市, 東京都, 197-0024, 日本"
牛田(東京),35.7446629,139.8121358,"牛田, 墨堤通り, 千住曙町, 足立区, 東京都, 120-0023, 日本"
牛込柳町,35.6994157,139.7255669,"牛込柳町, 大久保通り, 原町三丁目, 馬場下町, 新宿区, 東京都, 162-0063, 日本"
牛込神楽坂,35.7009139,139.7359501,"牛込神楽坂, 大久保通り, 箪笥町, 新宿区, 東京都, 162-0833, 日本"
狛江,35.632321,139.5774163,"狛江, ふれあい側道, 東和泉一丁目, 狛江市, 東京都, 201-0013, 日本"
狭間,35.6405959,139.2933098,"狭間, 椚田遺跡公園通り, 椚田町, 八王子市, 東京都, 193-0941, 日本"
玉川上水,35.7316,139.4186,"字芋沢上清水川, 加美町, 加美郡, 宮城県, 981-4374, 日本"
玉川学園前,35.5636258,139.4635093,"玉川学園前, 玉川学園前駅デッキ, 玉川学園, 町田市, 東京都, 194-0041, 日本"
王子,35.7539829,139.7375996,"王子, 北本通り, 王子一丁目, 北区, 東京都, 114-0021, 日本"
王子神谷,35.7650552,139.7357178,"王子神谷, 北本通り, 王子五丁目, 北区, 東京都, 115-0043, 日本"
瑞江,35.6932301,139.8977024,"瑞江, 柴又街道, 南篠崎町三丁目, 江戸川区, 東京都, 133-0065, 日本"
用賀,35.6266331,139.6341713,"用賀, 瀬田貫井線, 用賀四丁目, 世田谷区, 東京都, 158-0097, 日本"
田原町(東京),35.7099006,139.7907726,"田原町, 浅草通り, 松が谷一丁目, 松が谷, 台東区, 東京都, 110-8766, 日本"
田園調布,35.5968891,139.6673793,"田園調布, 環八通り, 雪谷大塚町, 大田区, 東京都, 145-0067, 日本"
田無,35.7273146,139.5394387,"田無, すずらん通り, 田無町四丁目, 西東京市, 東京都, 188-0011, 日本"
田町(東京),35.6457358,139.7476833,"田町, 36, 芝五丁目, 麻布, 港区, 東京都, 105-0014, 日本"
田端,35.7373701,139.7617151,"田端, 田端駅(南口), 東田端一丁目, 北区, 東京都, 114-0013, 日本"
甲州街道,35.6782996,139.4092084,"甲州街道, 多摩モノレール通り, 大字日野, 日野市, 東京都, 191-0012, 日本"
町屋,35.7421821,139.780081,"町屋, 尾竹橋通り, 荒川七丁目, 荒川, 荒川区, 東京都, 116-0001, 日本"
町屋二丁目,35.7437837,139.7767536,"町屋二丁目, 都電通り, 町屋二丁目, 町屋, 荒川区, 東京都, 116-0001, 日本"
町田,35.544056,139.4451335,"町田, まほろ横丁, 森野一丁目, 町田市, 東京都, 194-8550, 日本"
白丸,35.811886,139.1147877,"白丸, 1.奥多摩方面／青梅・立川方面, 白丸, 奥多摩町, 西多摩郡, 東京都, 198-0107, 日本"
白山(東京),35.7215048,139.7521578,"白山, 旧白山通り, 白山一丁目, 文京区, 東京都, 113-0001, 日本"
白糸台,35.6664784,139.5098139,"白糸台, 品川街道, 白糸台四丁目, 府中市, 東京都, 183-0011, 日本"
白金台,35.6381027,139.7265652,"白金台, 目黒通り, 白金台四丁目, 品川, 港区, 東京都, 108-0071, 日本"
白金高輪,35.6429263,139.7341529,"白金高輪, 北里通り, 白金五丁目, 麻布, 港区, 東京都, 108-0072, 日本"
百草園,35.657526,139.4309108,"百草園, 川崎街道, 落川, 日野市, 東京都, 191-0032, 日本"
目白,35.7211861,139.7064823,"目白, 目白通り, 目白三丁目, 豊島区, 東京都, 171-8588, 日本"
目黒,35.6327942,139.7160514,"目黒, 1, 上大崎三丁目, 品川区, 東京都, 141-0021, 日本"
相原,35.6068438,139.3316885,"相原, バス待機場, 相原町, 作ヶ畬, 町田市, 東京都, 192-0992, 日本"
相模原,35.5814551,139.37074,"相模原, 北口駅前広場, 相模原, 中央区, 相模原市, 神奈川県, 252-0231, 日本"
矢口渡,35.5625766,139.7002588,"矢口渡, 環八通り, 多摩川一丁目, 大田区, 東京都, 146-0095, 日本"
矢川,35.685046,139.431484,"矢川, 石田街道, 石田, 国立市, 東京都, 186-0011, 日本"
矢部,35.5730985,139.3867585,"矢部, 矢部ふれあい地下道, 矢部三丁目, 中央区, 相模原市, 神奈川県, 229-0032, 日本"
矢野口,35.641655,139.5205089,"矢野口, 矢野口駅(改札口), 押立, 稲城市, 東京都, 206-0812, 日本"
石川台,35.5969839,139.685208,"石川台, 中原街道, 石川町二丁目, 大田区, 東京都, 145-8523, 日本"
石神井公園,35.7438271,139.6061566,"石神井公園, 練馬自歩道21-2号線, 石神井町三丁目, 練馬区, 東京都, 177-0041, 日本"
石神前,35.7967462,139.2250691,"石神前, 青梅街道, 日向和田三丁目, 青梅市, 東京都, 198-0046, 日本"
砂川七番,35.7233952,139.4181111,"砂川七番, 芋窪街道, 柏町三丁目, 柏町, 立川市, 東京都, 190-0004, 日本"
祐天寺,35.6375637,139.6910577,"祐天寺, 祐天寺駅前通り, 祐天寺二丁目, 目黒区, 東京都, 153-0052, 日本"
祖師ケ谷大蔵,35.6432912,139.6097735,"祖師ヶ谷大蔵, 城山通り, 砧六丁目, 世田谷区, 東京都, 157-0072, 日本"
神保町,35.6959719,139.7583937,"神保町, 靖国通り, 神田神保町一丁目, 神田神保町, 千代田区, 東京都, 101-0051, 日本"
神楽坂,35.7039298,139.7341347,"神楽坂, 早稲田通り, 赤城元町, 新宿区, 東京都, 162-0805, 日本"
神泉,35.6571884,139.693332,"神泉, 神泉駅, 円山町, 渋谷区, 東京都, 150-0045, 日本"
神田(東京),35.6917842,139.770917,"神田, 神田ふれあい通り, 鍛冶町二丁目, 鍛冶町, 千代田区, 東京都, 101-0044, 日本"
神谷町,35.6630056,139.7450394,"神谷町, 桜田通り, 麻布台一丁目, 麻布台, 麻布, 港区, 東京都, 106-0041, 日本"
福生,35.7423308,139.3278791,"福生, 伊奈福生線, 本町, 福生市, 東京都, 197-0021, 日本"
秋川,35.728075,139.2866763,"秋川, 五日市街道, 秋川二丁目, あきる野市, 東京都, 197-0827, 日本"
秋津,35.7785324,139.496609,"秋津, 秋津停車場線, 秋津町五丁目, 東村山市, 東京都, 189-0001, 日本"
秋葉原,35.7018928,139.7743684,"秋葉原, 台東区, 東京都, 110-0006, 日本"
程久保,35.6552783,139.4108443,"程久保, 多摩モノレール通り, 程久保一丁目, 日野市, 東京都, 191-0042, 日本"
稲城,35.6362217,139.5004525,"稲城, 稲城駅(改札口), 百村, 稲城市, 東京都, 206-0804, 日本"
稲城長沼,35.644449,139.5022101,"稲城長沼, 旧川崎街道, 向陽台一丁目, 稲城市, 東京都, 206-0802, 日本"
稲荷町(東京),35.7113681,139.7826716,"稲荷町, 浅草通り, 東上野五丁目, 東上野, 台東区, 東京都, 110-8766, 日本"
穴守稲荷,35.5502999,139.7467558,"穴守稲荷, 環八通り, 羽田四丁目, 羽田, 大田区, 東京都, 144-0043, 日本"
立会川,35.5986946,139.739004,"立会川, 第一京浜, 東大井三丁目, 品川区, 東京都, 140-0011, 日本"
立川,35.69797,139.4135537,"立川, 南北自由通路, 曙町二丁目, 曙町, 立川市, 東京都, 190-8554, 日本"
立川南,35.6961465,139.4126,"立川南, 立川南通り, 錦町二丁目, 錦町, 立川市, 東京都, 190-0023, 日本"
立飛,35.7144176,139.4171408,"立飛, 43, 幸町一丁目, 栄町, 立川市, 東京都, 190-0003, 日本"
競艇場前,35.6562077,139.4995827,"競艇場前, 競艇場通り, 是政四丁目, 府中市, 東京都, 183-0014, 日本"
竹ノ塚,35.7944805,139.7908431,"竹ノ塚, 赤山街道, 西竹の塚二丁目, 西竹の塚, 足立区, 東京都, 121-0822, 日本"
竹芝,35.6539777,139.7619388,"竹芝, 新橋日の出ふ頭線, 海岸一丁目, 港区, 東京都, 105-0022, 日本"
笹塚,35.6736448,139.6671205,"笹塚, 甲州街道, 笹塚二丁目, 渋谷区, 東京都, 151-0073, 日本"
等々力,35.608362,139.6480235,"等々力, 等々力通り, 等々力三丁目, 世田谷区, 東京都, 158-0082, 日本"
箱根ケ崎,35.7752878,139.351007,"箱根ケ崎, 瑞穂町, 西多摩郡, 東京都, 190-1204, 日本"
築地,35.665187450000005,139.77118190265958,"築地, 中央区, 東京都, 日本"
築地市場,35.6647,139.7669,"愛知県中央青果株式会社　岡崎地方卸売市場, 岡崎市, 愛知県, 中部地方, 日本"
篠崎,35.706112,139.9037969,"篠崎, 京葉道路, 谷河内二丁目, 江戸川区, 東京都, 133-0061, 日本"
糀谷,35.5547134,139.7294831,"糀谷, 環八通り, 西糀谷四丁目, 西糀谷, 大田区, 東京都, 144-0047, 日本"
経堂,35.65135,139.6366816,"経堂, 農大通り, 経堂一丁目, 世田谷区, 東京都, 156-0052, 日本"
綾瀬,35.7621283,139.8248669,"綾瀬, 綾瀬川通り, 綾瀬一丁目, 綾瀬, 足立区, 東京都, 120-0005, 日本"
緑が丘(東京),35.6065821,139.6790041,"緑が丘, 轟橋, 大岡山二丁目, 目黒区, 東京都, 152-0034, 日本"
練馬,35.737877,139.6540818,"練馬, 駅前広場, 練馬一丁目, 練馬区, 東京都, 176-0001, 日本"
練馬春日町,35.751435,139.6403956,"練馬春日町, 環八通り, 春日町三丁目, 練馬区, 東京都, 179-0074, 日本"
練馬高野台,35.7409213,139.6163048,"練馬高野台, 笹目通り, 高野台四丁目, 練馬区, 東京都, 177-8521, 日本"
羽村,35.7583518,139.3160094,"羽村, 1.青梅方面, 五ノ神四丁目, 羽村市, 東京都, 205-0011, 日本"
聖蹟桜ケ丘,35.6508541,139.4470446,"聖蹟桜ヶ丘, 聖蹟桜ヶ丘駅前タクシー乗り場, 関戸一丁目, 多摩市, 東京都, 206-0002, 日本"
自由が丘(東京),35.6075666,139.668826,"自由が丘, 女神広場, 自由が丘二丁目, 目黒区, 東京都, 152-0035, 日本"
舎人,35.8112696,139.77124771706644,"舎人, 足立区, 東京都, 121-0831, 日本"
舎人公園,35.79865685,139.77330868728035,"舎人公園, 古千谷, 足立区, 東京都, 日本"
船堀,35.6838107,139.8642986,"船堀, 船堀街道, 船堀三丁目, 江戸川区, 東京都, 134-0091, 日本"
芝公園,35.6602775,139.7500284364785,"芝公園, 芝公園三丁目, 麻布, 港区, 東京都, 日本"
芝浦ふ頭,35.6417379,139.7577718,"芝浦ふ頭, 首都高速11号台場線, 海岸三丁目, 港区, 東京都, 108-0022, 日本"
芦花公園,35.6762091,139.61091106142064,"SEBON 芦花公園, 世田谷区, 東京都, 日本"
花小金井,35.7227695,139.5156886,"花小金井南町二丁目, 小平市, 東京都, 187-8578, 日本"
若松河田,35.6993312,139.7183874,"若松河田, 神楽坂高円寺線, 若松町, 新宿区, 東京都, 162-8639, 日本"
若林(東京),35.6459516,139.6598567,"若林, 環七通り, 若林三丁目, 世田谷区, 東京都, 154-0023, 日本"
若葉台,35.6192473,139.4724072,"若葉台, エレベーター;1階, 若葉台二丁目, 稲城市, 東京都, 215-0035, 日本"
茅場町,35.6792641,139.7797162,"茅場町, 新大橋通り, 日本橋茅場町二丁目, 日本橋茅場町, 中央区, 東京都, 103-0025, 日本"
茗荷谷,35.7171896,139.7369396,"茗荷谷, 春日通り, 小日向四丁目, 文京区, 東京都, 112-0012, 日本"
荏原中延,35.6100738,139.7121435,"荏原中延, 中延スキップロード, 東中延二丁目, 品川区, 東京都, 142-0052, 日本"
荏原町,35.6038754,139.7075541,"荏原町, 三間通り, 中延五丁目, 品川区, 東京都, 142-0053, 日本"
荒川一中前,35.7337041,139.788921,"荒川一中前, ジョイフル三ノ輪商店街, 荒川一丁目, 南千住, 荒川区, 東京都, 116-8501, 日本"
荒川七丁目,35.7419889,139.7841221,"荒川七丁目, ゆいの森通り, 荒川七丁目, 荒川, 荒川区, 東京都, 116-0001, 日本"
荒川二丁目,35.7386835,139.7846639,"荒川二丁目, ゆいの森通り, 荒川二丁目, 荒川, 荒川区, 東京都, 116-8501, 日本"
荒川区役所前,35.7349329,139.7864251,"荒川区役所前, 千住間道, 荒川一丁目, 荒川, 荒川区, 東京都, 116-8501, 日本"
荒川車庫前,35.7509045,139.752695,"荒川車庫前, 都電通り, 西尾久八丁目, 西尾久, 荒川区, 東京都, 114-0016, 日本"
荒川遊園地前,35.7506767,139.7579108,"荒川遊園地前, 荒川遊園通り, 西尾久五丁目, 西尾久, 荒川区, 東京都, 116-0011, 日本"
荻窪,35.7044803,139.6201587,"荻窪, 青梅街道, 天沼, 杉並区, 東京都, 167-0032, 日本"
菊川(東京),35.6884574,139.8061199,"菊川, 新大橋通り, 菊川三丁目, 墨田区, 東京都, 130-0024, 日本"
萩山,35.7407822,139.4770441,"萩山, 多摩湖自転車道, 一丁目, 萩山町三丁目, 東村山市, 東京都, 189-0012, 日本"
落合(東京),35.7106637,139.6859133,"落合, 早稲田通り, 東中野四丁目, 新宿区, 東京都, 161-0034, 日本"
落合南長崎,35.7232511,139.6836262,"落合南長崎, 目白通り, 南長崎四丁目, 新宿区, 東京都, 161-0031, 日本"
葛西,35.6636282,139.8726921,"葛西, 環七通り, 中葛西三丁目, 江戸川区, 東京都, 134-0083, 日本"
葛西臨海公園,35.64221065,139.85948341156484,"葛西臨海公園, 江戸川区, 東京都, 134-8587, 日本"
蒲田,35.563415,139.7240902,"蒲田, 大田区, 東京都, 日本"
蓮根,35.7841688,139.678984,"蓮根, 蓮根駅前通り, 蓮根二丁目, 板橋区, 東京都, 174-0082, 日本"
蓮沼,35.5642517,139.70852,"蓮沼, 多摩堤通り, 西蒲田六丁目, 大田区, 東京都, 146-0094, 日本"
蔵前,35.7054779,139.7923914,"蔵前, 春日通り, 蔵前三丁目, 台東区, 東京都, 111-0051, 日本"
虎ノ門,35.67015,139.750011,"虎ノ門, 外堀通り, 新橋一丁目, 新橋, 港区, 東京都, 100-8959, 日本"
虎ノ門ヒルズ,35.6668644,139.7491586731395,"虎ノ門ヒルズ, 虎ノ門一丁目, 港区, 東京都, 105-0001, 日本"
表参道,35.6651701,139.7124352,"表参道, 青山通り, 北青山三丁目, 港区, 東京都, 107-0042, 日本"
西ケ原,35.7460496,139.7421722,"西ケ原, 本郷通り, 西ケ原二丁目, 北区, 東京都, 114-0024, 日本"
西ケ原四丁目,35.7432934,139.7350997,"西ケ原四丁目, 北区, 東京都, 114-0023, 日本"
西八王子,35.6564769,139.312459,"西八王子, 甲州街道, 千人町二丁目, 八王子市, 東京都, 193-0835, 日本"
西台,35.786948,139.6740086,"西台, メトロード, 高島平一丁目, 板橋区, 東京都, 174-0046, 日本"
西国分寺,35.6997985,139.4660067,"西国分寺, 府中街道, 西恋ケ窪二丁目, 国分寺市, 東京都, 185-0024, 日本"
西国立,35.6934503,139.4240653,"西国立, 羽衣いちょう通り, 羽衣町二丁目, 羽衣町, 立川市, 東京都, 190-0021, 日本"
西大井,35.6018658,139.7216714,"西大井, 立会道路, 二葉三丁目, 品川区, 東京都, 140-0015, 日本"
西大島,35.6894286,139.826635,"西大島, 新大橋通り, 大島九丁目, 江東区, 東京都, 136-0072, 日本"
西太子堂,35.6446224,139.6663028456107,"西太子堂, 烏山川緑道, 若林一丁目, 世田谷区, 東京都, 154-0004, 日本"
西小山,35.6154753,139.6987095,"西小山, 立会道路, 小山六丁目, 品川区, 東京都, 152-0011, 日本"
西巣鴨,35.743529,139.7286561,"西巣鴨, 白山通り, 西巣鴨三丁目, 豊島区, 東京都, 170-0001, 日本"
西府,35.6709866,139.4573627,"西府, 西府駅前通り (Nishifuekimae Dori), 本宿町一丁目, 府中市, 東京都, 183-0031, 日本"
西新井,35.777253,139.790321,"西新井, 環七通り, 栗原一丁目, 栗原, 足立区, 東京都, 123-0842, 日本"
西新井大師西,35.7815504,139.7701288,"西新井大師西, 尾久橋通り, 江北六丁目, 江北, 足立区, 東京都, 123-0872, 日本"
西新宿,35.6944269,139.6927654,"西新宿, 西新宿七丁目, 新宿区, 東京都, 160-0023, 日本"
西新宿五丁目,35.6898839,139.6845183,"西新宿五丁目, 淀橋渋谷本町線, 西新宿五丁目, 新宿区, 東京都, 151-0071, 日本"
西日暮里,35.7322698,139.7668123,"西日暮里, 道灌山通り, 西日暮里五丁目, 荒川区, 東京都, 116-0013, 日本"
西早稲田,35.7079175,139.7090644,"西早稲田, 明治通り, 大久保二丁目, 新宿区, 東京都, 169-0072, 日本"
西武園,35.7678406,139.4487827,"西武園, はっけんのもり通り, 多摩湖町四丁目, 東村山市, 東京都, 189-0025, 日本"
西武新宿,35.6963122,139.7002762,"西武新宿駅前通り, 歌舞伎町一丁目, 新宿区, 東京都, 160-0021, 日本"
西武柳沢,35.7286376,139.5525914,"西武柳沢, 富士街道, 保谷町三丁目, 西東京市, 東京都, 202-0022, 日本"
西武立川,35.72588815,139.37108779891793,"ソルヴィエントメイツ西武立川, 立川市, 東京都, 日本"
西永福,35.6787762,139.6353132,"西永福, 井ノ頭通り, 浜田山三丁目, 杉並区, 東京都, 168-0065, 日本"
西立川,35.7035299,139.3936369,"西立川, 立川昭島線, 東町一丁目, 立川市, 東京都, 190-0013, 日本"
西荻窪,35.7037331,139.5996053,"西荻窪, 柳小路, 西荻北三丁目, 杉並区, 東京都, 167-0053, 日本"
西葛西,35.6645795,139.8593173,"西葛西, 清砂大橋通り, 西葛西六丁目, 江戸川区, 東京都, 134-0088, 日本"
西調布,35.6570625,139.530194,"西調布, 西調布駅北側ロータリー, 上石原一丁目, 調布市, 東京都, 182-0035, 日本"
西馬込,35.5873014,139.7063425,"西馬込, 第二京浜, 西馬込二丁目, 大田区, 東京都, 143-0026, 日本"
西高島平,35.7898579,139.6435532,"Yビル西高島平, 新大宮バイパス, 三園一丁目, 板橋区, 東京都, 175-0091, 日本"
要町,35.7332405,139.6986842,"要町, 池袋谷原線, 池袋三丁目, 要町二丁目, 豊島区, 東京都, 171-0043, 日本"
見沼代親水公園,35.814493,139.7707277,"見沼代親水公園, 尾久橋通り, 舎人四丁目, 舎人, 足立区, 東京都, 121-0831, 日本"
調布,35.6517768,139.5448061,"調布, 調布駅前広場, 布田四丁目, 調布市, 東京都, 182-0026, 日本"
護国寺,35.7209953,139.72683258955715,"護国寺, 東京都文京区大塚5-40-1, 不忍通り, 音羽二丁目, 文京区, 東京都, 112-8001, 日本"
谷保,35.6814454,139.4465862,"谷保, 146支線, 富士見台一丁目, 国立市, 東京都, 186-0003, 日本"
谷在家,35.7887298,139.7700523,"谷在家, 尾久橋通り, 谷在家, 西伊興, 足立区, 東京都, 123-0863, 日本"
谷塚,35.8142116,139.8011329,"谷塚, 谷塚停車場線, 瀬崎一丁目, 草加市, 埼玉県, 340-0022, 日本"
豊島園,35.7421716,139.6491281,"豊島園, 豊島園通り, 練馬四丁目, 練馬区, 東京都, 176-0001, 日本"
豊洲,35.6549298,139.796174,"豊洲, 晴海通り, 豊洲三丁目, 江東区, 東京都, 135-0061, 日本"
豊田,35.6595146,139.3814849,"豊田, 豊田停車場線, 多摩平一丁目, 日野市, 東京都, 191-0062, 日本"
豪徳寺,35.6535438,139.6468966,"豪徳寺, 427, 豪徳寺一丁目, 世田谷区, 東京都, 154-0021, 日本"
赤土小学校前,35.7428607,139.7690418,"赤土小学校前, 尾久橋通り, 東尾久三丁目, 東尾久, 荒川区, 東京都, 116-0012, 日本"
赤坂(東京),35.6716786,139.7356224,"赤坂, 港区, 東京都, 日本"
赤坂見附,35.6763213,139.7375253,"赤坂見附, 赤坂三丁目, 赤坂, 港区, 東京都, 107-8380, 日本"
赤羽,35.7781394,139.7207999,"赤羽, 中十条赤羽線, 赤羽西一丁目, 北区, 東京都, 115-0044, 日本"
赤羽岩淵,35.7834912,139.7219243,"赤羽岩淵, 北本通り, 岩淵町, 北区, 東京都, 115-0041, 日本"
赤羽橋,35.6550406,139.7439828,"赤羽橋, 環状三号線, 麻布台三丁目, 東麻布一丁目, 麻布, 港区, 東京都, 106-0044, 日本"
越中島,35.6678847,139.7926242,"越中島, 越中島通り, 越中島三丁目, 江東区, 東京都, 135-0046, 日本"
足立小台,35.7546588,139.7704343,"足立小台, 尾久橋通り, 小台一丁目, 小台, 足立区, 東京都, 120-0046, 日本"
軍畑,35.8076389,139.2076788,"軍畑, 下畑軍畑線, 柚木町二丁目, 青梅市, 東京都, 198-0064, 日本"
辰巳,35.64717505,139.81421195002113,"辰巳, 江東区, 東京都, 135-0053, 日本"
都庁前,35.6906065,139.692814,"都庁前, 中央通り, 西新宿二丁目, 新宿区, 東京都, 163-0413, 日本"
都立大学,35.6175217,139.6762077,"都立大学, 目黒通り, 鷹番一丁目, 目黒区, 東京都, 152-0001, 日本"
都立家政,35.7224188,139.6446653,"都立家政, 新青梅街道, 鷺宮二丁目, 中野区, 東京都, 165-0021, 日本"
都電雑司ケ谷,35.7243475,139.7181213,"都電雑司ヶ谷, 番神通り, 南池袋四丁目, 南池袋, 南池袋4丁目 (Minami-Ikebukuro 4-chome), 豊島区, 東京都, 170-8422, 日本"
野方,35.7196957,139.6531263,"野方, 野方駅前商店街, 野方五丁目, 中野区, 東京都, 165-0027, 日本"
金町,35.7695843,139.8706926,"金町, 水戸街道, 金町六丁目, 葛飾区, 東京都, 125-0042, 日本"
銀座一丁目,35.6743469,139.7670332,"銀座一丁目, 銀座柳通り, 銀座二丁目, 中央区, 東京都, 104-0061, 日本"
錦糸町,35.6968114,139.8139383,"錦糸町, 駅前広場, 江東橋三丁目, 墨田区, 東京都, 130-8580, 日本"
鐘ケ淵,35.7339631,139.8206465,"鐘ヶ淵, 鐘ヶ淵通り, 墨田三丁目, 墨田区, 東京都, 131-0031, 日本"
長原(東京),35.6022528,139.69791,"長原, 環七通り, 上池台一丁目, 大田区, 東京都, 145-0064, 日本"
長沼(東京),35.6428138,139.3660256,"長沼, 北野街道, 長沼町, 八王子市, 東京都, 192-0907, 日本"
長津田,35.5317189,139.4952527,"長津田, マルサンスカイウォーク(長津田駅北口歩道橋), 長津田四丁目, 緑区, 横浜市, 神奈川県, 226-0027, 日本"
門前仲町,35.672642,139.7949294,"門前仲町, 清澄通り, 門前仲町二丁目, 江東区, 東京都, 135-0048, 日本"
阿佐ケ谷,35.7048403,139.6354724,"阿佐ケ谷, スターロード, 阿佐谷北一丁目, 高円寺, 杉並区, 東京都, 166-0004, 日本"
雑司ヶ谷,35.7186356,139.7144121,"雑司ヶ谷, 目白通り, 南池袋三丁目, 雑司が谷二丁目, 豊島区, 東京都, 171-0033, 日本"
雑色,35.5500354,139.7152191,"雑色, ZOSHIKI ARCADE, 仲六郷二丁目, 仲六郷, 大田区, 東京都, 144-0055, 日本"
雪が谷大塚,35.5920038,139.6810084,"雪が谷大塚, 雪が谷大塚駅(西口), 南雪谷二丁目, 大田区, 東京都, 145-0066, 日本"
青井,35.7717435,139.8203469,"青井, 平方東京線, 青井三丁目, 青井, 青井三丁目, 足立区, 東京都, 120-0014, 日本"
青山一丁目,35.6726412,139.7239507,"青山一丁目, 青山通り, 赤坂四丁目, 赤坂, 港区, 東京都, 107-8505, 日本"
青梅,35.7904504,139.2583321,"青梅, 青梅停車場線, 本町, 青梅市, 東京都, 198-0083, 日本"
青梅街道,35.7306459,139.4765592,"青梅街道, 青梅街道駅, 小川東町, 小平市, 東京都, 187-8701, 日本"
青物横丁,35.6089959,139.7416876,"青物横丁, 池上通り, 南品川五丁目, 品川区, 東京都, 140-0004, 日本"
青砥,35.7455741,139.8560545,"青砥, 青砥北口中通り商店街, 青戸一丁目, 葛飾区, 東京都, 125-0062, 日本"
飛田給,35.6602521,139.5232311,"飛田給, 京王線飛田給駅(公共通路), 飛田給, 調布市, 東京都, 182-0036, 日本"
飛鳥山,35.7501744,139.7374191,"飛鳥山, 本郷通り, 西ケ原二丁目, 北区, 東京都, 114-0024, 日本"
飯田橋,35.7016963,139.7459787,"飯田橋, 目白通り, 西神田三丁目, 飯田橋一丁目, 千代田区, 東京都, 102-0072, 日本"
馬喰横山,35.6921222,139.7827937,"馬喰横山, 清洲橋通り, 日本橋横山町, 東日本橋, 中央区, 東京都, 103-0005, 日本"
馬喰町,35.6933577,139.7824551,"馬喰町, 江戸通り, 日本橋馬喰町一丁目, 日本橋馬喰町, 中央区, 東京都, 103-0002, 日本"
馬込,35.596806,139.711871,"馬込, 第二京浜, 東馬込一丁目, 大田区, 東京都, 143-0021, 日本"
駒場東大前,35.6586714,139.6844553,"駒場東大前, 神泉2号踏切, 駒場一丁目, 目黒区, 東京都, 153-0041, 日本"
駒沢大学,35.6331934,139.6611562,"駒沢大学, 首都高速3号渋谷線, 三軒茶屋, 世田谷区, 東京都, 154-0012, 日本"
駒込,35.7360069,139.7468276,"駒込, 本郷通り, 駒込二丁目, 豊島区, 東京都, 170-0003, 日本"
高井戸,35.683248,139.6149498,"高井戸, あづま橋, 高井戸西二丁目, 杉並区, 東京都, 168-0071, 日本"
高円寺,35.7049419,139.649909,"高円寺, 杉並区, 東京都, 166-0002, 日本"
高尾(東京),35.6423428,139.2826625,"高尾, 高尾街道, 廿里町, 八王子市, 東京都, 193-0845, 日本"
高尾山口,35.6295235,139.2690271,"高尾山口南橋, 初沢町, 八王子市, 東京都, 193-0844, 日本"
高島平,35.7883692,139.6589375,"高島平, 板橋区, 東京都, 175-0082, 日本"
高幡不動,35.6612907,139.4151774,"高幡不動, 503, 高幡, 日野市, 東京都, 191-0031, 日本"
高松(東京),35.7101518,139.4132745,"高松, 43, 高松町一丁目, 高松町, 立川市, 東京都, 190-8578, 日本"
高田馬場,35.7126,139.7039,"高田馬場町, 養老町, 養老郡, 岐阜県, 中部地方, 503-1392, 日本"
高輪台,35.6317345,139.7304256,"高輪台, 桜田通り, 東五反田四丁目, 港区, 東京都, 108-8606, 日本"
高野(東京),35.7684884,139.7707357,"高野, 尾久橋通り, 扇二丁目, 扇, 足立区, 東京都, 123-0873, 日本"
鮫洲,35.6050422,139.74228082071113,"鮫洲 (Samezu), 第一京浜, 東大井三丁目, 品川区, 東京都, 140-0011, 日本"
鳩ノ巣,35.8150523,139.1287096,"鳩ノ巣, 青梅街道, 坂下, 奥多摩町, 西多摩郡, 東京都, 198-0107, 日本"
鵜の木,35.5754631,139.6805499,"鵜の木, 多摩堤通り, 鵜の木一丁目, 大田区, 東京都, 145-0076, 日本"
鶯谷,35.7216638,139.7779486,"鶯谷, 尾竹橋通り, 根岸一丁目, 台東区, 東京都, 110-8712, 日本"
鶴川,35.5832205,139.4815692,"鶴川, 鶴川街道, 能ヶ谷二丁目, 町田市, 東京都, 215-0027, 日本"
鷹の台,35.723362,139.4612069,"鷹の台, たかの街道, 津田町一丁目, 小平市, 東京都, 187-0024, 日本"
鷺ノ宮,35.7226521,139.639543,"鷺ノ宮, 3-15-2, 中杉通り, 鷺宮四丁目, 中野区, 東京都, 165-0032, 日本"
麹町,35.684296700000004,139.7388971274301,"麹町, 千代田区, 東京都, 102-0083, 日本"
麻布十番,35.6551687,139.7372062,"麻布十番, 高輪麻布線, 麻布十番四丁目, 麻布十番, 麻布, 港区, 東京都, 106-0045, 日本"
黒川(神奈川),35.6132327,139.4707421,"黒川, 黒川橋, 栗木台三丁目, 麻生区, 川崎市, 神奈川県, 215-0032, 日本"
